#"Step","Time (ps)","Potential Energy (kJ/mole)","Kinetic Energy (kJ/mole)","Total Energy (kJ/mole)","Temperature (K)","Box Volume (nm^3)","Density (g/mL)","Speed (ns/day)"
500,1.0000000000000007,-3936.5999032116765,2526.904196882084,-1409.6957063295927,175.42090546975848,18.26811710622338,1.0981766738252943,0
1000,2.0000000000000013,-3972.511828640467,2913.7256930613557,-1058.786135579111,202.274546062331,16.50970478941013,1.2151410541048278,19.1
1500,2.999999999999891,-3854.9696251125606,3099.90927327636,-755.0603518362004,215.19964716636844,15.41803637663881,1.3011786709207944,19.1
2000,3.999999999999781,-3882.930528039811,3291.921173202724,-591.0093548370874,228.52935764277362,14.729673006736538,1.3619867916679667,19.1
2500,4.999999999999671,-3794.3516908014285,3328.035387914655,-466.3163028867734,231.03645239251253,14.528376166858918,1.3808576987789227,19
3000,5.999999999999561,-3810.53641297278,3506.3262888076106,-304.2101241651694,243.41363365259048,14.0330219355283,1.429600849548454,19.1
3500,6.999999999999451,-3691.052440912234,3541.2693725973436,-149.78306831489044,245.83942700315123,13.963864698368821,1.4366810703276747,19
4000,7.999999999999341,-3558.9412747276338,3637.741192847459,78.79991811982518,252.53662354961003,14.026919238608295,1.4302228265166657,19
4500,8.999999999999675,-3579.0641486222426,3742.1488359844816,163.08468736223904,259.78473502121193,14.316917201776572,1.4012527835443458,19
5000,10.000000000000009,-3660.3769334677577,3822.2458136993146,161.8688802315569,265.3451691577589,14.190705940834471,1.4137154391336533,19
5500,11.000000000000343,-3619.4173848665396,3800.029087667169,180.61170280062925,263.80285576022635,14.03887600346976,1.429004720591951,19
6000,12.000000000000677,-3458.9831356281074,3724.8654172624238,265.8822816343163,258.584898096022,14.203690638271336,1.4124230519853784,19
6500,13.00000000000101,-3551.2150701394544,3832.756270531563,281.54120039210875,266.0748184482579,13.981903131597893,1.4348275690328465,19
7000,14.000000000001345,-3577.4777953240955,3898.957561368268,321.4797660441727,270.6705963159629,14.047081161581552,1.4281700126878616,19
7500,15.000000000001679,-3591.8458400739305,3920.872473697397,329.0266336234663,272.1919574220981,13.887716781201938,1.444558554644364,19
8000,16.00000000000201,-3567.99625390081,3885.998024131096,318.00177023028573,269.77092874668233,14.24701284204731,1.4081281671590375,19
8500,17.000000000001457,-3546.957549018209,3942.747002971081,395.789453952872,273.71051508512664,13.888385725591796,1.4444889764111521,19
9000,18.000000000000902,-3538.576257657059,3944.7261929579936,406.14993530093443,273.847912973036,13.917358232384913,1.4414819066797522,19
9500,19.000000000000348,-3613.5495663890833,4097.42091653993,483.8713501508464,284.4481750265988,13.956661922492438,1.4374225149376307,19.1
10000,19.999999999999794,-3563.0765582163626,4047.9427538304444,484.8661956140818,281.0133379978791,13.918930017833889,1.4413191283424103,19.1
10500,20.99999999999924,-3572.6918068640475,4014.856924508012,442.16511764396455,278.7164776162626,14.010486244664527,1.4319003445296705,19.1
11000,21.999999999998685,-3476.274153172719,3941.4019396056665,465.1277864329477,273.61713907436757,13.646494011288159,1.4700933488241525,19
11500,22.99999999999813,-3491.052212517648,3935.790798422188,444.73858590453983,273.2276065118197,14.06895981872205,1.425949063701686,19
12000,23.999999999997577,-3419.721588469804,3928.279381169768,508.557792699964,272.70615436598587,14.054150050973739,1.4274516785434053,19
12500,24.999999999997023,-3476.765390160442,4058.0345326448564,581.2691424844143,281.7139221275066,13.907949791280537,1.4424570394509764,19
13000,25.99999999999647,-3458.254782503713,4031.6996824036305,573.4448998999173,279.8857233060291,13.861930246132573,1.4472457821204567,19
13500,26.999999999995914,-3578.223826767081,4144.929972885712,566.7061461186313,287.7463141853664,13.78026693461907,1.4558223128729195,19
14000,27.99999999999536,-3487.2280331693482,4054.336813400857,567.1087802315087,281.4572217513088,13.735343374604437,1.4605838043958694,19
14500,28.999999999994806,-3527.4929373659684,4105.179707026087,577.6867696601189,284.98680013716347,13.966601136327458,1.4363995853352325,19
15000,29.99999999999425,-3540.235686386355,4104.968321817461,564.7326354311062,284.97212550693973,13.896374048738013,1.44365861270014,19
15500,30.999999999993697,-3337.365382623886,4094.621570903876,757.25618827999,284.25384088967144,14.08226038871387,1.4246022674627998,19
16000,31.999999999993143,-3481.386458317837,4164.545946410502,683.1594880926655,289.10808003372557,13.7604333052012,1.45792066541832,19
16500,32.999999999994365,-3362.0178586240468,4160.286990013537,798.2691313894907,288.8124178600533,13.685804798186492,1.465870686934079,19
17000,33.99999999999559,-3470.9707966798946,4203.297918934015,732.3271222541202,291.7982912879558,13.838854417356739,1.4496590162551315,19
17500,34.99999999999681,-3418.3453247253983,4210.3264737806485,791.9811490552502,292.28622251101586,13.850667421061976,1.4484226262090956,19
18000,35.99999999999803,-3613.8120938599277,4372.855892567715,759.0437987077876,303.5692216228462,13.712720170084761,1.4629934711662205,19
18500,36.999999999999254,-3416.700230608537,4183.7816724758,767.0814418672635,290.4434486194861,13.791673340832734,1.4546182747359095,19.1
19000,38.000000000000476,-3475.0854304404056,4318.942650103782,843.8572196633768,299.8264957128163,13.912007105230805,1.4420363596005021,19.1
19500,39.0000000000017,-3421.9064584361836,4256.886235903042,834.9797774668582,295.51846045657976,13.755923486191408,1.4583986382958425,19.1
20000,40.00000000000292,-3505.9927909024873,4313.80542104343,807.8126301409429,299.4698627330285,13.765910370242661,1.4573406001632792,19.1
20500,41.00000000000414,-3325.5068078880163,4182.720693963885,857.2138860758691,290.3697941408265,13.8560224936057,1.4478628401492144,19.1
21000,42.000000000005365,-3432.2701026973923,4205.7531795157465,773.4830768183542,291.9687386024773,13.89046245380674,1.4442730144859488,19.1
21500,43.00000000000659,-3465.652862485854,4231.220685409586,765.5678229237319,293.736725275445,13.97082912457004,1.435964888116886,19.1
22000,44.00000000000781,-3356.028539984069,4146.3963513407,790.3678113566307,287.84811204404764,13.994460702267434,1.4335400632846744,19.1
22500,45.00000000000903,-3495.0351226304765,4264.911212418174,769.8760897876973,296.07556454006453,13.748272352585891,1.459210260479746,19.1
23000,46.00000000001025,-3502.7335112242945,4239.07876803248,736.3452568081857,294.2822433725162,13.685973172508776,1.4658526527774753,19.1
23500,47.000000000011475,-3395.0133388719983,4097.482827298958,702.4694884269597,284.4524729502876,13.91038872083604,1.4422041312701437,19
24000,48.0000000000127,-3412.1257923092967,4179.09665758203,766.9708652727336,290.11820892269884,13.935909398797758,1.4395630386700167,19
24500,49.00000000001392,-3526.0890339360853,4285.28734167338,759.1983077372947,297.49010136671893,13.600706155516706,1.4750425346573621,19
25000,50.00000000001514,-3410.540767531834,4065.7543346005314,655.2135670686976,282.2498406046624,13.744323907135222,1.4596294598636874,19
25500,51.000000000016364,-3602.0636653185984,4235.632605933872,633.5689406152733,294.04300641352125,13.81964138226079,1.4516744339339303,19
26000,52.000000000017586,-3526.6120185511763,4170.733415972225,644.1213974210486,289.53762204581426,13.39113425461044,1.4981270219030418,19
26500,53.00000000001881,-3633.5455375071606,4241.6204819874,608.0749444802395,294.45869239023807,13.56393833368122,1.4790409383495533,19
27000,54.00000000002003,-3689.3281130345117,4256.7435695039,567.4154564693886,295.5085563735724,13.55800436745503,1.479688273955698,19
27500,55.00000000002125,-3838.7238320185415,4355.73546765497,517.0116356364288,302.38069993534947,13.658947285848006,1.468753020340677,19
28000,56.000000000022474,-3569.310221059261,4177.92888982138,608.6186687621189,290.0371409984758,13.475100213174194,1.4887919023525862,19
28500,57.0000000000237,-3452.7734504609853,4125.1851667767405,672.4117163157553,286.3756046150414,13.705476331439705,1.4637667159909618,19
29000,58.00000000002492,-3500.1120744612995,4147.447584872185,647.3355104108855,287.92109001376286,13.759254853526919,1.4580455333030584,19
29500,59.00000000002614,-3500.9140847775707,4153.104488341061,652.1904035634907,288.31379945240707,13.8012130476886,1.4536128100799972,19
30000,60.00000000002736,-3409.557924089447,4070.9444908216356,661.3865667321884,282.6101478553128,13.934369776196366,1.4397220974452658,18
30500,61.000000000028585,-3494.5716915111957,4186.759752753205,692.1880612420096,290.650190742701,13.891324175122572,1.4441834218145249,19
31000,62.00000000002981,-3515.0732050090087,4270.338197116875,755.264992107866,296.4523127250537,13.558829978472032,1.479598174224184,19
31500,63.00000000003103,-3364.378044954021,4099.316924919474,734.9388799654535,284.57979834145516,13.595600029434307,1.4755965192658056,19
32000,64.00000000003224,-3636.593353240679,4376.0075709720895,739.4142177314106,303.78801514898265,13.758958006889767,1.4580769903300481,19
32500,65.00000000002991,-3457.9687857011027,4210.629102786151,752.6603170850481,292.3072314017495,13.766007028491037,1.4573303674219036,19
33000,66.00000000002758,-3324.743417489479,4202.558438756223,877.8150212667442,291.74695563283865,13.837541474687562,1.449796563750955,19
33500,67.00000000002525,-3359.5777938371725,4201.060454221491,841.4826603843189,291.6429636398749,14.022816402511125,1.4306412852393067,19
34000,68.00000000002292,-3401.2014703047776,4262.6092417444215,861.407771439644,295.91575880605507,13.726578391646079,1.461516447024609,19
34500,69.00000000002059,-3420.296623352182,4261.0843885326285,840.7877651804465,295.80990155533254,13.673394530087405,1.4672011428192957,19
35000,70.00000000001826,-3263.6937804389245,4200.526741747353,936.8329613084288,291.60591264063663,13.90641230053709,1.442616517273009,19
35500,71.00000000001593,-3295.1026147339517,4298.7999195493785,1003.6973048154268,298.4281617210304,14.048508007683084,1.4280249596463706,18.2
36000,72.0000000000136,-3368.9317300490525,4329.052002138393,960.1202720893402,300.52829979775635,13.941799498604263,1.4389548553450184,19
36500,73.00000000001127,-3403.334999347357,4287.8743103378,884.539310990443,297.6696920239723,13.84722591014148,1.4487826089462834,19
37000,74.00000000000894,-3389.957381609587,4291.863180316843,901.9057987072556,297.94660445475944,14.085879410583763,1.424236250786697,19
37500,75.00000000000661,-3383.50018968872,4271.804558570814,888.304368882094,296.55410940350055,13.860445545718814,1.447400807902596,19
38000,76.00000000000428,-3418.7744787285906,4256.360116326235,837.5856375976441,295.4819365659381,13.851187659790856,1.4483682246975105,19
38500,77.00000000000195,-3472.797275082736,4188.211669708434,715.4143946256977,290.75098466566305,13.617927010756375,1.4731772365145812,19
39000,77.99999999999962,-3455.493416985991,4125.948709098597,670.4552921126055,286.42861069482467,13.794031460042948,1.454369604627601,19
39500,78.99999999999729,-3463.0507376744413,4004.947580579038,541.8968429045967,278.02855834857655,13.736879931921898,1.4604204288154226,19
40000,79.99999999999496,-3520.305431101869,4083.673485215288,563.368054113419,283.4938108469724,13.725924351519737,1.4615860882653138,19
40500,80.99999999999262,-3490.348511746818,4134.765316686722,644.4168049399041,287.0406708149467,13.658526510517515,1.4687982679035871,19
41000,81.9999999999903,-3563.413046921146,4243.013568980001,679.600522058855,294.5554022623186,13.732789794107397,1.4608553965758357,18.3
41500,82.99999999998796,-3637.5324197599425,4245.207095976507,607.6746762165644,294.70767969823174,13.641530854529048,1.4706282084244824,19
42000,83.99999999998563,-3501.567065030344,4286.028226038107,784.4611610077632,297.5415345022803,13.565009737321756,1.4789241194252376,19
42500,84.9999999999833,-3508.0290811291193,4270.031680799447,762.0025996703275,296.43103397217857,13.651563551128296,1.4695474262437334,19
43000,85.99999999998097,-3510.277616871261,4167.321262410083,657.0436455388221,289.3007460027053,13.895344046901556,1.4437656248775483,19
43500,86.99999999997864,-3385.4584170503067,4063.9408986608196,678.4824816105129,282.1239495736735,13.957811693696964,1.4373041076218795,19
44000,87.99999999997631,-3409.6729758497167,4123.109504034968,713.4365281852515,286.2315094657038,13.773074595569064,1.456582547459474,19
44500,88.99999999997398,-3545.8080972982443,4250.813354065173,705.005256766929,295.0968732701228,13.74179014907432,1.4598985913137923,19
45000,89.99999999997165,-3423.7884037901276,3996.1201035256795,572.3316997355519,277.41574365634386,14.029602338419958,1.4299493026844217,19
45500,90.99999999996932,-3480.4336988841537,4048.9792094439936,568.5455105598398,281.0852900657225,14.024397247840618,1.4304800217957532,19
46000,91.99999999996699,-3594.160352109009,4141.502961597301,547.3426094882916,287.5084066999896,13.645834995077402,1.4701643459707945,19
46500,92.99999999996466,-3504.0952679471184,4030.399021752529,526.3037538054105,279.79542978821127,13.786507080334252,1.4551633683473189,19
47000,93.99999999996233,-3640.976485974034,4250.853197181877,609.8767112078426,295.0996392299947,13.849778943664512,1.448515543992881,19
47500,94.99999999996,-3436.1570871060603,4029.532183400793,593.3750962947329,279.7352527665636,13.999633517455376,1.43301037528944,19
48000,95.99999999995767,-3435.0380366910576,4113.882649719926,678.8446130288685,285.5909694956569,13.758118415195517,1.4581659697452352,19
48500,96.99999999995534,-3489.0289890239005,4215.100745761471,726.0717567375709,292.6176585483885,13.746580899910136,1.4593898094976108,19
49000,97.999999999953,-3348.827059297856,4227.117965030216,878.2909057323595,293.4519092049638,13.919980763724796,1.4412103307673776,19
49500,98.99999999995067,-3278.9914723446914,4131.204880129591,852.2134077849,286.7935007775981,13.924889877558726,1.4407022430457095,19
50000,99.99999999994834,-3415.928851007322,4255.2086446509165,839.2797936435945,295.40199993669967,13.844082102443222,1.4491116082894977,19
50500,100.99999999994601,-3320.675521838913,4135.1946310080175,814.5191091691045,287.07047436154164,13.837855279387131,1.4497636863313013,19
51000,101.99999999994368,-3432.15793968765,4254.500014651446,822.3420749637958,295.35280594022623,13.824002247470595,1.4512164944442236,19
51500,102.99999999994135,-3424.2553444466052,4154.41408453471,730.1587400881049,288.4047132869613,13.80238889156176,1.4534889748707367,19
52000,103.99999999993902,-3482.8915306598765,4162.473987889235,679.5824572293586,288.96424203609,13.832374431352195,1.450338131050882,19
52500,104.99999999993669,-3541.140270959033,4223.27809407162,682.1378231125873,293.1853404758149,13.749665575118547,1.4590624020024854,19
53000,105.99999999993436,-3481.856365834178,4164.318716818343,682.4623509841649,289.092305466231,13.710655095682522,1.463213824631964,19
53500,106.99999999993203,-3519.5459207945846,4153.789905410167,634.2439846155826,288.3613819777103,13.907255490619844,1.4425290521407692,19
54000,107.9999999999297,-3359.442866946799,4028.629551596562,669.1866846497633,279.6725909178874,13.887985372897461,1.4445306170838716,19
54500,108.99999999992737,-3367.65333007017,4015.563438481159,647.9101084109893,278.7655247154954,13.915358453181511,1.4416890623594822,19
55000,109.99999999992504,-3588.788823535848,4186.053391786668,597.2645682508196,290.6011542653817,14.046467550944817,1.4282324013494718,19
55500,110.99999999992271,-3659.4795505619227,4131.551110599504,472.0715600375811,286.817536537485,13.756610029700294,1.4583258548036646,19
56000,111.99999999992038,-3472.436710677068,3959.31474938222,486.878038705152,274.86066912761925,13.868249346398786,1.4465863411932967,19
56500,112.99999999991805,-3477.6238804732216,4022.179595276016,544.5557148027942,279.2248267409208,14.01101676297769,1.4318461265262061,19
57000,113.99999999991572,-3386.040476938165,4042.7328041757314,656.6923272375666,280.6516566618754,14.03846277679026,1.4290467838067822,19
57500,114.99999999991338,-3411.9403284462396,3979.3187026292776,567.378374183038,276.24936902210015,13.977159977698362,1.4353144782468836,19
58000,115.99999999991105,-3634.0685300165096,4219.928888393731,585.860358377221,292.95283435494787,13.919007222761994,1.4413111337392104,19
58500,116.99999999990872,-3498.733061813721,4095.9286986966886,597.1956368829674,284.3445833646979,13.79428984393455,1.454342362509121,19
59000,117.9999999999064,-3472.1627829932836,3976.763152324256,504.6003693309726,276.07195946734396,13.732326699477255,1.4609046609360838,19
59500,118.99999999990406,-3627.8129239596688,4149.919528184833,522.1066042251646,288.09269546469756,13.597860238550394,1.4753512485654159,19
60000,119.99999999990173,-3806.154121320354,4375.356113235814,569.2019919154595,303.7427901237863,13.664323978429003,1.468175089556816,19
60500,120.9999999998994,-3478.8126358606296,4135.924560357245,657.1119244966158,287.121146985984,13.852528116545637,1.4482280715822187,19
61000,121.99999999989707,-3433.151307576131,4124.8673901557795,691.7160825796486,286.3535441575635,13.799759715103615,1.453765898460263,19
61500,122.99999999989474,-3417.1447391241586,4063.3083443863497,646.1636052621911,282.08003685085515,13.875344616477967,1.4458466175275195,19
62000,123.99999999989241,-3482.0825723395574,4178.061497361938,695.9789250223803,290.0463467827178,13.659657500850841,1.4686766545584131,19
62500,124.99999999989008,-3484.1312074826646,4335.876988001284,851.7457805186195,301.0020990028722,13.909130137918668,1.4423346306949807,19
63000,125.99999999988775,-3267.020108763549,4177.158401530254,910.138292766705,289.9836527206654,13.79221621951739,1.4545610191619613,19
63500,126.99999999988542,-3269.8795583372585,4208.656688379855,938.7771300425966,292.1703038832702,13.957113646963913,1.4373759925016691,19
64000,127.99999999988309,-3463.689933015531,4312.6101450495735,848.9202120340424,299.3868851522451,13.76590252350624,1.4573414308656285,19
64500,128.99999999988785,-3323.8441314935985,4220.442360115908,896.5982286223093,292.9884802154235,13.893498969923957,1.4439573590635353,19
65000,129.99999999989262,-3361.27732254011,4295.815722231929,934.5383996918185,298.2209949451101,14.025326898863232,1.4303852042400071,19
65500,130.9999999998974,-3346.8280471957123,4318.704861677412,971.8768144816995,299.809988137612,14.081977113155904,1.4246309250155675,19
66000,131.99999999990217,-3361.1360680958956,4284.815541394199,923.679473298303,297.45734839085344,13.796196141123254,1.4541414079323158,19
66500,132.99999999990695,-3440.9271275321994,4254.443733371458,813.5166058392583,295.34889882213736,13.910882820831977,1.4421529056890947,19
67000,133.99999999991172,-3447.4882009393805,4244.044414797613,796.5562138582327,294.62696489098823,13.740547661168616,1.4600306025252803,18.6
67500,134.9999999999165,-3411.9912415108906,4147.599297529532,735.6080560186415,287.9316220995285,13.825659341437909,1.451042556837429,19
68000,135.99999999992127,-3630.204184010165,4291.937663134285,661.7334791241196,297.9517751467444,13.648724538570416,1.4698531004908555,19
68500,136.99999999992605,-3589.5642647886552,4292.6234937251475,703.0592289364922,297.9993863792543,13.848921217965598,1.4486052570461798,19
69000,137.99999999993082,-3497.0932707761212,4257.347597515813,760.2543267396914,295.5504887669372,13.694526309704521,1.4649371308700785,19
69500,138.9999999999356,-3513.653355714307,4259.6465345130055,745.9931787986984,295.7100838992588,13.74078862754719,1.4600049985882408,19
70000,139.99999999994037,-3527.879298710279,4265.623174094002,737.7438753837232,296.1249898257512,13.623247049987619,1.4726019433657398,19
70500,140.99999999994515,-3422.822925390122,4127.80446808391,704.9815426937885,286.557439845506,13.928359456191943,1.440343361604214,19
71000,141.99999999994992,-3512.3307101334576,4308.923340326237,796.5926301927793,299.13094247596325,13.676935843629508,1.4668212463764478,19
71500,142.9999999999547,-3549.649540132907,4280.689532996178,731.039992863271,297.1709156364777,13.803491046713479,1.4533729194209817,19
72000,143.99999999995947,-3430.4108980540905,4128.484761098385,698.0738630442947,286.60466665241506,13.799527946731244,1.4537903150169305,19
72500,144.99999999996425,-3568.632980765062,4324.333636099374,755.7006553343126,300.2007448220182,13.671171202768337,1.4674397521041196,19
73000,145.99999999996902,-3597.0130001457605,4504.515661924397,907.5026617786366,312.70921038181314,13.785361333889853,1.4552843117317482,19
73500,146.9999999999738,-3515.9770258835347,4306.94890228815,790.9718764046152,298.99387447438943,13.638116622393394,1.470996372609305,19
74000,147.99999999997857,-3602.9910447286084,4404.0638169544145,801.0727722258061,305.735715453717,13.759000282802656,1.4580725102417742,19
74500,148.99999999998334,-3478.8996045570175,4244.286288338597,765.3866837815794,294.64375606004836,13.84820636685118,1.448680034750593,19
75000,149.99999999998812,-3405.257086279511,4331.036461305812,925.7793750263008,300.6660634788828,13.645005321910554,1.4702537380875385,19
75500,150.9999999999929,-3474.5654188801736,4214.081254913402,739.515836033228,292.54688419615655,13.739539921269818,1.460137689887744,19
76000,151.99999999999767,-3431.9254177831735,4234.597456054293,802.6720382711192,293.97114499139195,13.652195115381602,1.4694794435043197,19
76500,153.00000000000244,-3457.1159866043586,4331.159910335248,874.0439237308897,300.6746334676263,13.556470926491736,1.4798556489771542,19
77000,154.00000000000722,-3295.4328715945294,4248.049880108394,952.6170085138647,294.90502939082637,13.783150740649843,1.455517715669813,19
77500,155.000000000012,-3140.6464908281127,4219.772686957431,1079.126196129318,292.9419906524342,13.90249250191478,1.4430232620517707,19
78000,156.00000000001677,-3225.677169661052,4314.252030551741,1088.5748608906888,299.5008669335185,13.536314307674498,1.4820592684811764,18.6
78500,157.00000000002154,-3297.952207038418,4313.009795056989,1015.0575880185711,299.4146293644152,13.682096620708165,1.4662679731701083,19
79000,158.00000000002632,-3362.123789471577,4276.022239694523,913.8984502229459,296.84690619517016,13.716708758090954,1.4625680572921533,19
79500,159.0000000000311,-3436.20399357505,4368.2993634342465,932.0953698591966,303.2529015710696,13.892347580662515,1.4440770333653448,19
80000,160.00000000003587,-3330.7464543795745,4323.249816018477,992.5033616389023,300.1255046525682,13.922647030386704,1.4409343307330926,19
80500,161.00000000004064,-3306.3204812183617,4318.167640728861,1011.8471595104998,299.77269357561465,13.754266712330475,1.458574310092332,19
81000,162.00000000004542,-3361.988515216539,4267.002944247561,905.0144290310218,296.2207752259163,13.890773199875644,1.4442407051137331,19
81500,163.0000000000502,-3446.5300715056633,4340.103031366698,893.5729598610346,301.29547631200415,13.561704098277646,1.4792846043080383,19
82000,164.00000000005497,-3332.878907947014,4150.493963063104,817.6150551160904,288.1325734650602,13.812902904037934,1.4523826179143506,19
82500,165.00000000005974,-3410.947352365103,4159.559843748869,748.6124913837657,288.76193844088317,13.913109503273446,1.4419221005946437,19
83000,166.00000000006452,-3477.6357964782655,4154.967308948841,677.331512470575,288.44311882990763,13.75582141124313,1.4584094603297382,19
83500,167.0000000000693,-3443.757689735721,4184.344690543742,740.587000808021,290.48253405034495,14.073865915437944,1.4254519832221295,19
84000,168.00000000007407,-3587.094478573354,4247.2031979148705,660.1087193415165,294.8462516353356,13.702060814004286,1.4641315896262286,19
84500,169.00000000007884,-3537.9479027434936,4113.029430665539,575.0815279220451,285.53173794296515,13.958306742299392,1.437253131855056,19
85000,170.00000000008362,-3656.9444027401064,4191.616110268529,534.6717075284228,290.98732526235324,13.692223127581148,1.4651835493647416,19
85500,171.0000000000884,-3589.193111526653,4098.891303775439,509.6981922487862,284.5502511799261,13.678040203543782,1.4667028157707618,19
86000,172.00000000009317,-3583.5405576100625,4015.6014920984617,432.0609344883992,278.7681664460414,13.623795519949734,1.4725426590105903,19
86500,173.00000000009794,-3656.9295820910634,3986.483114452671,329.5535323616077,276.74673160939915,13.730217726513665,1.4611290571178241,19
87000,174.00000000010272,-3591.5808907254873,3917.4994975328373,325.91860680735,271.9578011237924,13.701156303161628,1.464228247373107,19
87500,175.0000000001075,-3744.628890532736,4116.607161442567,371.9782709098313,285.7801085670703,13.694594190682801,1.4649298695110213,19
88000,176.00000000011227,-3716.5032994112203,4212.280386616163,495.77708720494275,292.42186562690364,13.745733759752216,1.4594797506921147,19
88500,177.00000000011704,-3484.8359509494953,4038.4212635984336,553.5853126489383,280.3523440274778,13.597111468967896,1.4754324936255117,19
89000,178.00000000012182,-3435.6749098081946,4058.7560749266754,623.0811651184808,281.7640125110548,13.881539995333064,1.4452013312289567,19
89500,179.0000000001266,-3393.088890860926,4108.393366548922,715.3044756879963,285.20989647143006,13.707860180815462,1.4635121613539765,19
90000,180.00000000013137,-3294.6293811147802,3993.6877589219503,699.05837780717,277.2468871981817,13.710679851659364,1.4632111826559315,19
90500,181.00000000013614,-3475.0824924900376,4213.89526768581,738.8127751957722,292.5339727261015,13.894436700266022,1.4438599069208218,19
91000,182.00000000014091,-3442.318853534643,4100.383183300084,658.064329765441,284.65381935531946,13.754958949165138,1.4585009053757296,19
91500,183.0000000001457,-3551.007668899156,4228.76368422808,677.7560153289237,293.56615712627183,13.472255879592458,1.4891062239362856,19
92000,184.00000000015046,-3492.694655385828,4191.546293803847,698.8516384180193,290.98247851451595,13.578296952887122,1.4774768993763754,19
92500,185.00000000015524,-3486.0833721936124,4177.216635140362,691.1332629467497,289.98769537199604,13.745147480751747,1.4595420026490789,19
93000,186.00000000016001,-3696.437231463783,4330.0475662572335,633.6103347934504,300.59741312599243,13.65896264431398,1.4687513688394702,19
93500,187.0000000001648,-3580.9426207210668,4208.843855931,627.901235209933,292.18329729288854,13.72064030704511,1.4621489691310068,19
94000,188.00000000016956,-3478.3965474702077,4098.756368950569,620.359821480361,284.540883832645,13.927758573449491,1.4404055020746014,19
94500,189.00000000017434,-3603.928266619999,4214.2422372230285,610.3139706030297,292.5580597929814,13.727966438402737,1.4613686718116379,19
95000,190.0000000001791,-3503.9635300432446,4050.703804528257,546.7402744850124,281.20501365145384,13.794196509978534,1.454352202844946,19
95500,191.0000000001839,-3667.791110319333,4163.369231566518,495.57812124718475,289.02639099159006,13.741021558461219,1.45998024931488,18.7
96000,192.00000000018866,-3553.4927892798482,4084.029980275457,530.5371909956089,283.51855918777915,13.557393082464154,1.4797549911503343,19
96500,193.00000000019344,-3599.5676057824953,4261.280108620748,661.7125028382529,295.82348869295294,13.722059510037994,1.4619977464817018,19
97000,194.0000000001982,-3560.017850489034,4219.056348902012,659.0384984129782,292.8922615529064,13.86373032835187,1.4470578701128187,19
97500,195.000000000203,-3534.5211841981354,4198.017160458989,663.4959762608532,291.43169431352396,13.762351315332118,1.457717480181853,19
98000,196.00000000020776,-3612.460199042857,4233.849432652154,621.3892336092972,293.9192162547672,13.683586495023686,1.4661083253326286,19
98500,197.00000000021254,-3449.7853051627767,4141.59530706953,691.8100019067529,287.51481744020464,13.799028478107711,1.453842936304632,19
99000,198.0000000002173,-3616.346741492826,4458.701217434735,842.3544759419087,309.52871333491794,13.640010594913326,1.4707921186105812,19
99500,199.0000000002221,-3359.5087237600674,4284.489092166408,924.9803684063409,297.43468586997136,13.64944595027819,1.469775414609739,19
100000,200.00000000022686,-3489.078437860363,4325.354989607703,836.2765517473399,300.27164848249606,13.563267223979372,1.4791141212122638,19
